{"forwardX": 8.04585204226176, "forwardX_reward": 482.7511225357056, "forwardY": 0.0, "forwardY_reward": 0.0, "forwardZ": 0.0, "forwardZ_reward": 0.0, "deltaTorque": 892.9276, "deltaTorque_reward": -0.0, "action": 3.961434114583333, "stepHeight": 0.1000000244140625, "action_reward": -0.19807170572916669, "sideways": 1.0291087239583334, "sideways_reward": -0.03087326171875, "jointSpeed": 216.76013333333333, "jointSpeed_reward": -0.15173209333333335, "deltaContact": 0.7276950520833333, "deltaContact_reward": -0.0, "deltaRelease": 0.6804475260416667, "deltaRelease_reward": -0.0, "footSlip": 0.740446484375, "footSlip_reward": -0.148089296875, "upward": 0.01283712158203125, "upward_reward": -0.0, "work": 180.90886666666665, "work_reward": -9.045443333333333, "yAcc": 0.04839646809895833, "yAcc_reward": -0.0, "torqueSquare": 687.3084, "dones": 0.0048916666666666666, "walkedDist": 0.0036908518473307292, "_timestamp": 1718950638.3576522, "_runtime": 14.687843084335327, "_step": 3, "_wandb": {"runtime": 15}}