{"forwardX": 5.261045119094849, "forwardX_reward": 315.66270714569094, "forwardY": 0.0, "forwardY_reward": 0.0, "forwardZ": 0.0, "forwardZ_reward": 0.0, "deltaTorque": 921.0805333333333, "deltaTorque_reward": -0.0, "action": 4.050730729166666, "stepHeight": 0.1000000244140625, "action_reward": -0.20253653645833333, "sideways": 1.0970751302083332, "sideways_reward": -0.03291225390625, "jointSpeed": 223.38313333333335, "jointSpeed_reward": -0.15636819333333332, "deltaContact": 0.8484716796875, "deltaContact_reward": -0.0, "deltaRelease": 0.8492292317708333, "deltaRelease_reward": -0.0, "footSlip": 0.7782190755208334, "footSlip_reward": -0.15564381510416667, "upward": 0.014097176106770833, "upward_reward": -0.0, "work": 187.39081666666667, "work_reward": -9.369540833333334, "yAcc": 0.05561191813151042, "yAcc_reward": -0.0, "torqueSquare": 720.3158, "dones": 0.005908333333333333, "walkedDist": 0.003648841603597005, "_timestamp": 1718950737.3043396, "_runtime": 10.795051574707031, "_step": 1, "_wandb": {"runtime": 10}}