{"forwardX": 3.189447625541687, "forwardX_reward": 191.36685753250123, "forwardY": 0.0, "forwardY_reward": 0.0, "forwardZ": 0.0, "forwardZ_reward": 0.0, "deltaTorque": 970.4576, "deltaTorque_reward": -0.0, "action": 4.7056046875, "stepHeight": 0.1000000244140625, "action_reward": -0.23528023437500004, "sideways": 1.3650415364583333, "sideways_reward": -0.04095124609375, "jointSpeed": 258.61963333333335, "jointSpeed_reward": -0.18103374333333336, "deltaContact": 1.2117787760416667, "deltaContact_reward": -0.0, "deltaRelease": 1.1980438802083333, "deltaRelease_reward": -0.0, "footSlip": 0.8557296223958333, "footSlip_reward": -0.17114592447916668, "upward": 0.017226039632161457, "upward_reward": -0.0, "work": 213.25421666666668, "work_reward": -10.662710833333334, "yAcc": 0.0710913330078125, "yAcc_reward": -0.0, "torqueSquare": 817.8343333333333, "dones": 0.007975, "walkedDist": 0.0039684415181477865, "_timestamp": 1718950527.1240778, "_runtime": 9.570052862167358, "_step": 0, "_wandb": {"runtime": 9}}